{"cameraMode":{"drawMode":0,"name":"Shaded","section":"Shading Mode"},"sceneLighting":false,"audioPlay":false,"sceneViewState":{"showFog":true,"showMaterialUpdate":false,"showSkybox":true,"showFlares":true,"showImageEffects":true,"showParticleSystems":true},"in2DMode":false,"pivot":{"x":500.10247802734377,"y":327.10400390625,"z":-2.6318359375},"rotation":{"x":-0.09579566866159439,"y":-0.03433410823345184,"z":0.003307499922811985,"w":-0.994803249835968},"size":5.051551342010498,"orthographic":true}