{"cameraMode":{"drawMode":0,"name":"Shaded","section":"Shading Mode"},"sceneLighting":false,"audioPlay":false,"sceneViewState":{"showFog":true,"showMaterialUpdate":false,"showSkybox":true,"showFlares":true,"showImageEffects":true,"showParticleSystems":true},"in2DMode":false,"pivot":{"x":501.1549072265625,"y":326.7060546875,"z":-1.494140625},"rotation":{"x":-0.159811332821846,"y":-0.0029613724909722807,"z":0.0004802762996405363,"w":-0.9871430397033691},"size":15.153952598571778,"orthographic":true}