{"cameraMode":{"drawMode":0,"name":"Shaded","section":"Shading Mode"},"sceneLighting":false,"audioPlay":false,"sceneViewState":{"showFog":true,"showMaterialUpdate":false,"showSkybox":true,"showFlares":true,"showImageEffects":true,"showParticleSystems":true},"in2DMode":false,"pivot":{"x":-1.435546875,"y":1.8544921875,"z":0.8700000047683716},"rotation":{"x":-0.09579566866159439,"y":-0.03433410823345184,"z":0.003307499922811985,"w":-0.994803249835968},"size":2.8578836917877199,"orthographic":true}