{"cameraMode":{"drawMode":0,"name":"Shaded","section":"Shading Mode"},"sceneLighting":false,"audioPlay":false,"sceneViewState":{"showFog":true,"showMaterialUpdate":false,"showSkybox":true,"showFlares":true,"showImageEffects":true,"showParticleSystems":true},"in2DMode":false,"pivot":{"x":496.5574645996094,"y":287.2944030761719,"z":-0.09268130362033844},"rotation":{"x":0.050705406814813617,"y":0.902029812335968,"z":-0.11042404919862747,"w":0.41421958804130556},"size":757.3779296875,"orthographic":true}