{"cameraMode":{"drawMode":0,"name":"Shaded","section":"Shading Mode"},"sceneLighting":false,"audioPlay":false,"sceneViewState":{"showFog":true,"showMaterialUpdate":false,"showSkybox":true,"showFlares":true,"showImageEffects":true,"showParticleSystems":true},"in2DMode":false,"pivot":{"x":-1.435546875,"y":1.8544921875,"z":0.8700000047683716},"rotation":{"x":-0.10928890854120255,"y":0.07358313351869583,"z":-0.008112224750220776,"w":-0.9912495613098145},"size":2.8578836917877199,"orthographic":true}