{"cameraMode":{"drawMode":0,"name":"Shaded","section":"Shading Mode"},"sceneLighting":false,"audioPlay":false,"sceneViewState":{"showFog":true,"showMaterialUpdate":false,"showSkybox":true,"showFlares":true,"showImageEffects":true,"showParticleSystems":true},"in2DMode":false,"pivot":{"x":-0.7791427969932556,"y":1.3720951080322266,"z":-0.9499999284744263},"rotation":{"x":-0.12883947789669038,"y":-0.04104574769735336,"z":0.0053380574099719528,"w":-0.9908013343811035},"size":0.5715768337249756,"orthographic":true}