{"cameraMode":{"drawMode":0,"name":"Shaded","section":"Shading Mode"},"sceneLighting":false,"audioPlay":false,"sceneViewState":{"showFog":true,"showMaterialUpdate":false,"showSkybox":true,"showFlares":true,"showImageEffects":true,"showParticleSystems":true},"in2DMode":false,"pivot":{"x":-1.435546875,"y":1.8544921875,"z":0.8700000047683716},"rotation":{"x":-0.159811332821846,"y":-0.0029613724909722807,"z":0.0004802762996405363,"w":-0.9871430397033691},"size":2.8578836917877199,"orthographic":true}