{"cameraMode":{"drawMode":0,"name":"Shaded","section":"Shading Mode"},"sceneLighting":false,"audioPlay":false,"sceneViewState":{"showFog":true,"showMaterialUpdate":false,"showSkybox":true,"showFlares":true,"showImageEffects":true,"showParticleSystems":true},"in2DMode":false,"pivot":{"x":14.927139282226563,"y":11.60546875,"z":-3.4296875},"rotation":{"x":-0.12883947789669038,"y":-0.04104574769735336,"z":0.0053380574099719528,"w":-0.9908013343811035},"size":2.8578836917877199,"orthographic":true}