{"cameraMode":{"drawMode":0,"name":"Shaded","section":"Shading Mode"},"sceneLighting":false,"audioPlay":false,"sceneViewState":{"showFog":true,"showMaterialUpdate":false,"showSkybox":true,"showFlares":true,"showImageEffects":true,"showParticleSystems":true},"in2DMode":false,"pivot":{"x":-13.825353622436524,"y":7.4800848960876469,"z":-2.1413815021514894},"rotation":{"x":-0.046469658613204959,"y":-0.023971443995833398,"z":0.0011165064061060548,"w":-0.998631477355957},"size":12.437702178955079,"orthographic":false}